Bee species	Flower genus	Flower species	Flower family	Females	Males
Homalictus (Homalictus) behri					
	Alphitonia	excelsa	Rhamnaceae	2	
Homalictus (Homalictus) bremerensis					
	Banksia	grandis	Proteaceae	1	
Homalictus (Homalictus) brisbanensis					
	Acacia	parramattensis	Fabaceae	1	
	Angophora	floribunda	Myrtaceae	1	
	Angophora	hispida	Myrtaceae	2	
	Banksia	aemula	Proteaceae	1	
	Banksia	collina	Proteaceae	1	
	Banksia	oblongifolia	Proteaceae	1	
	Boronia	ledifolia	Rutaceae	1	
	Eriostemon	australasius	Rutaceae	1	
	Eucalyptus	robusta	Myrtaceae	2	
	Eucalyptus		Myrtaceae	2	
	Foeniculum	vulgare	Apiaceae	1	
	Platysace	ericoides	Apiaceae	5	
Homalictus (Homalictus) callaspis					
	Carpobrotus		Aizoaceae	1	
	Disphyma	crassifolium	Aizoaceae		1
	Ipomoea	pes-caprae	Convolvulaceae	2	4
	Senecio	lautus	Asteraceae	1	
Homalictus (Homalictus) caloundrensis					
	Acacia	buxifolia	Fabaceae	2	
	Banksia	integrifolia	Proteaceae	4	8
	Callistemon		Myrtaceae		1
	Eucalyptus	piperita	Myrtaceae	1	
	Tristaniopsis	laurina	Myrtaceae		1
Homalictus (Homalictus) ctenander					
	Eucalyptus		Myrtaceae	1	
	Hakea	tephrosperma	Proteaceae	1	
	Melaleuca		Myrtaceae	1	
Homalictus (Homalictus) dampieri					
	Callistemon		Myrtaceae	6	6
	Eucalyptus		Myrtaceae	3	
Homalictus (Homalictus) dotatus					
	Angophora	floribunda	Myrtaceae	1	
	Calotis	erinacea	Asteraceae	1	
	Eucalyptus	leucoxylon	Myrtaceae		1
	Eucalyptus		Myrtaceae	2	
Homalictus (Homalictus) holochlorus					
	Taraxacum	officinale	Asteraceae	3	2
	Banksia	aemula	Proteaceae	1	
	Banksia	ericifolia	Proteaceae	1	
	Banksia	integrifolia	Proteaceae	3	
	Boronia	ledifolia	Rutaceae	1	
	Bursaria	spinosa	Pittosporaceae	2	
	Daviesia	ulicifolia	Fabaceae	1	
	Dendrophthoe	glabrescens	Loranthaceae	1	
	Dianella	longifolia	Hemerocallidaceae	3	
	Eriostemon	australasius	Rutaceae		1
	Goodenia	bellidifolia	Goodeniaceae	1	
	Leptospermum		Myrtaceae	1	
	Lomatia	silaifolia	Proteaceae		4
	Monotoca	scoparia	Ericaceae	4	3
	Persoonia	oblongata	Proteaceae	2	
	Persoonia	tenuifolia	Proteaceae	1	1
	Pultenaea	tuberculata	Fabaceae	3	
	Xanthorrhoea	media	Xanthorrhoeaceae	2	
Homalictus (Homalictus) megastigmus					
	Acacia	rubida	Fabaceae	2	
	Angophora	floribunda	Myrtaceae	2	
	Haloragis	trigonocarpa	Haloragaceae	1	
	Leucopogon	microphyllus	Ericaceae	1	
	Polyscias	sambucifolia	Araliaceae	1	
Homalictus (Homalictus) murrayi					
	Bauhinia	cunninghamii	Fabaceae	1	
	Eremophila	sturtii	Scrophulariaceae	1	
	Persoonia	virgata	Proteaceae	2	
	Waltheria	virgata	Malvaceae	1	
Homalictus (Homalictus) niveifrons					
	Taraxacum	officinale	Asteraceae	1	1
	Astrotricha	latifolia	Araliaceae	1	
	Banksia	aemula	Proteaceae	1	1
	Bursaria	spinosa	Pittosporaceae	1	
	Corymbia	eximia	Myrtaceae	1	
	Disphyma	crassifolium	Aizoaceae	1	
	Eucalyptus	robusta	Myrtaceae	1	2
	Maclura	cochinchinensis	Moraceae	4	
Homalictus (Homalictus) punctatus					
	Acacia	buxifolia	Fabaceae	2	
	Angophora	hispida	Myrtaceae		1
	Callistemon		Myrtaceae	6	6
	Eucalyptus		Myrtaceae	2	
	Eucalyptus	bridgesiana	Myrtaceae	2	
	Eucalyptus	burgessiana	Myrtaceae	1	
	Eucalyptus	melliodora	Myrtaceae		2
	Eucalyptus	pauciflora	Myrtaceae	2	
	Eucalyptus		Myrtaceae	4	
	Leptospermum	trinervum	Myrtaceae	1	
	Monotoca	scoparia	Ericaceae	1	1
	Persoonia	oblongata	Proteaceae	1	
	Xanthorrhoea	media	Xanthorrhoeaceae	1	
Homalictus (Homalictus) scrupulosus					
	Astrotricha	latifolia	Araliaceae	1	
Homalictus (Homalictus) sp. unsorted					
	Astrotricha	floccosa	Araliaceae	1	
	Trimenia	moorei	Trimeniaceae	1	
Homalictus (Homalictus) sphecodoides					
	Taraxacum	officinale	Asteraceae	11	14
	Acacia		Fabaceae	1	
	Cassinia	laevis	Asteraceae		1
	Convolvulus	arvensis	Convolvulaceae		1
	Convolvulus	mauretainicus	Convolvulaceae	1	
	Echium	plantagineum	Boraginaceae		1
	Eucalyptus	albens	Myrtaceae		1
	Eucalyptus		Myrtaceae	1	
	Leucopogon	microphyllus	Ericaceae	1	
	Ranunculus		Ranunculaceae	1	
	Wahlenbergia		Campanulaceae	3	6
Homalictus (Homalictus) sphecodopsis					
	Bauhinia	cunninghamii	Fabaceae	2	
	Callistemon		Myrtaceae	2	2
	Corymbia		Myrtaceae	10	
	Corymbia	terminalis	Myrtaceae	13	
	Eucalyptus	dumosa	Myrtaceae	1	
	Eucalyptus		Myrtaceae	11	
	Eucalyptus	viridis	Myrtaceae	2	
	Eucalyptus	yalatensis	Myrtaceae	4	
	Melaleuca		Myrtaceae	2	
Homalictus (Homalictus) urbanus					
	Taraxacum	officinale	Asteraceae	3	
	Acacia	cana	Fabaceae	2	5
	Calytrix	exstipulata	Myrtaceae	1	
	Corymbia	terminalis	Myrtaceae	1	
	Cullen	australasicum	Fabaceae	1	
	Eremophila	mitchellii	Scrophulariaceae	2	
	Eremophila	polyclada	Scrophulariaceae	4	3
	Eremophila	sturtii	Scrophulariaceae	10	
	Eucalyptus		Myrtaceae	1	
	Frankenia	pseudoflabellata	Frankeniaceae	1	
	Hibbertia	acuminata	Dilleniaceae	1	
	Ipomoea	pes-caprae	Convolvulaceae	1	
	Melaleuca	decussata	Myrtaceae	1	3
	Melaleuca		Myrtaceae	1	1
	Pultenaea	procumbens	Fabaceae	1	
	Scaevola		Goodeniaceae	1	
	Senecio	madagascariensis	Asteraceae		4
	Senna	artemisiodes	Fabaceae	2	
	Solanum		Solanaceae	1	
	Stypandra	glauca	Hemerocallidaceae	1	
	Trianthema	pilosa	Aizoaceae	5	
	Tribulus	terrestris	Zygophyllaceae	1	
	Wahlenbergia		Campanulaceae	29	10
Lasioglossum (Australictus) lithuscum					
	Boronia	microphylla	Rutaceae	1	
	Gompholobium	grandiflorum	Fabaceae	3	
	Leucopogon	lanceolatus	Ericaceae	1	
	Mirbelia	platylobioides	Fabaceae	2	
	Podolobium	ilicifolium	Fabaceae	1	
	Pultenaea	linophylla	Fabaceae	2	
Lasioglossum (Australictus) peraustrale					
	Angophora	floribunda	Myrtaceae	2	1
	Angophora	hispida	Myrtaceae		3
	Callistemon		Myrtaceae	1	
	Kunzea	ambigua	Myrtaceae	1	
	Leptospermum	polygalifolium	Myrtaceae		3
	Micromyrtus	blakelyi	Myrtaceae	1	
	Monotoca	scoparia	Ericaceae	1	
	Pultenaea	flexilis	Fabaceae	1	
Lasioglossum (Australictus) plorator					
	Leucopogon	lanceolatus	Ericaceae	2	
	Oxylobium	arborescens	Fabaceae	1	
Lasioglossum (Australictus) tertium					
	Angophora	hispida	Myrtaceae		1
	Kunzea	ambigua	Myrtaceae	1	
	Leptospermum	polygalifolium	Myrtaceae		1
	Xanthorrhoea	media	Xanthorrhoeaceae	1	
Lasioglossum (Austrevylaeus) msp. austr1					
	Acacia	melanoxylon	Fabaceae	1	
Lasioglossum (Austrevylaeus) msp. austr2					
	Eucalyptus	robusta	Myrtaceae	1	
	Goodenia	bellidifolia	Goodeniaceae	1	
	Sowerbaea	juncea	Asparagaceae	1	
Lasioglossum (Austrevylaeus) msp. austr3					
	Hibbertia		Dilleniaceae	1	
	Wahlenbergia		Campanulaceae	1	
Lasioglossum (Austrevylaeus) msp. bernh					
	Leucopogon	lanceolatus	Ericaceae	1	
	Senecio	amygdalifolia	Asteraceae	4	
Lasioglossum (Austrevylaeus) sp. unsorted					
	Taraxacum	officinale	Asteraceae	1	
	Acacia	buxifolia	Fabaceae	1	
	Daviesia	latifolia	Fabaceae	1	
	Isopogon	anemonifolius	Proteaceae	1	
	Scaevola	ramosissima	Goodeniaceae	3	
Lasioglossum (Callalictus) callomelittinum					
	Ageratina	riparia	Asteraceae	2	
	Astrotricha	latifolia	Araliaceae	2	
	Boronia	pinnata	Rutaceae	1	
	Eucryphia	moorei	Cunoniaceae		3
	Hibbertia	scandens	Dilleniaceae	1	
	Leucopogon	lanceolatus	Ericaceae	1	
	Senecio	linearifolius	Asteraceae		1
	Senecio		Asteraceae	3	6
	Solanum		Solanaceae	1	
	Zieria		Rutaceae	3	
Lasioglossum (Chilalictus) adustum					
	Acacia	johnsonii	Fabaceae	5	
	Eucalyptus		Myrtaceae	4	
	Wahlenbergia		Campanulaceae	1	
Lasioglossum (Chilalictus) alacarinatum					
	Calotis	cuneifolia	Asteraceae	2	2
	Polycalymma	stuartii	Asteraceae	2	1
Lasioglossum (Chilalictus) albopilosum					
	Taraxacum	officinale	Asteraceae	1	
	Eucalyptus		Myrtaceae	2	
	Lechenaultia	divaricata	Goodeniaceae	1	
	Leucochrysum	albicans	Asteraceae	1	
	Polycalymma	stuartii	Asteraceae	1	
	Tribulus	terrestris	Zygophyllaceae	1	
Lasioglossum (Chilalictus) amplexum					
	Calotis	cuneifolia	Asteraceae	1	
	Eremophila	mitchellii	Scrophulariaceae	5	
	Eremophila		Scrophulariaceae	1	
	Eremophila	sturtii	Scrophulariaceae	9	
	Eremophila	youngii	Scrophulariaceae	3	
	Eucalyptus		Myrtaceae	1	
	Eucalyptus	torquata	Myrtaceae		1
	Hibbertia		Dilleniaceae	3	1
	Myoporum		Scrophulariaceae		1
	Westringia	rigida	Lamiaceae	2	
Lasioglossum (Chilalictus) appositum					
	Acacia	wilhelmiana	Fabaceae	7	
	Bossiaea	walkeri	Fabaceae	2	
	Callistemon		Myrtaceae	1	3
	Corymbia		Myrtaceae	12	
	Eremophila	deserti	Scrophulariaceae	5	
	Eremophila	mitchellii	Scrophulariaceae	3	1
	Eucalyptus		Myrtaceae	2	
	Eucalyptus	viridis	Myrtaceae	2	
Lasioglossum (Chilalictus) asperithorax					
	Taraxacum	officinale	Asteraceae		1
	Acacia	lunata	Fabaceae	1	
	Acacia	rubida	Fabaceae	2	
	Jacksonia	scoparia	Fabaceae	2	2
	Melaleuca		Myrtaceae		4
	Mirbelia	platylobioides	Fabaceae	2	
	Pultenaea	cinerascens	Fabaceae	2	
	Pultenaea		Fabaceae	1	
	Scabiosa		Caprifoliaceae		1
Lasioglossum (Chilalictus) aspratulum					
	Amyema	quandang	Loranthaceae	1	
	Eremophila	goodwinii	Scrophulariaceae	2	
	Eremophila	maculata	Scrophulariaceae	2	4
	Melaleuca		Myrtaceae	1	
Lasioglossum (Chilalictus) athrix					
	Eucalyptus		Myrtaceae	1	
Lasioglossum (Chilalictus) bibrochum					
	Craspedia		Asteraceae	2	1
Lasioglossum (Chilalictus) biceps					
	Acacia		Fabaceae	1	
	Eremophila	scoparia	Scrophulariaceae	2	1
	Eremophila	sturtii	Scrophulariaceae	10	6
	Hakea	tephrosperma	Proteaceae		4
	Wahlenbergia		Campanulaceae	1	
Lasioglossum (Chilalictus) bicingulatum					
	Angophora	floribunda	Myrtaceae	7	5
	Callistemon		Myrtaceae	1	2
	Eucalyptus	albens	Myrtaceae		2
	Eucalyptus	canaliculata	Myrtaceae	2	
	Eucalyptus	punctata	Myrtaceae		1
	Eucalyptus		Myrtaceae	1	3
	Leptospermum	polygalifolium	Myrtaceae	1	1
	Leptospermum		Myrtaceae	1	
	Ligustrum	lucidum	Oleaceae		1
	Lophostemon	confertus	Myrtaceae	1	
	Melaleuca	quinquinerva	Myrtaceae		2
	Melaleuca		Myrtaceae		1
	Monotoca	scoparia	Ericaceae	1	
	Syncarpia	glomulifera	Myrtaceae	1	
	Syzygium		Myrtaceae	1	
Lasioglossum (Chilalictus) bicolor					
	Calytrix	tetragona	Myrtaceae	2	
Lasioglossum (Chilalictus) bidentulatum					
	Abutilon	otocarpum	Malvaceae	2	
			Asteraceae	1	
	Disphyma	crassifolium	Aizoaceae	2	
	Eremophila	gilesii	Scrophulariaceae	1	
Lasioglossum (Chilalictus) brazieri					
	Hakea		Proteaceae	1	
	Leucopogon	lanceolatus	Ericaceae	3	1
	Phyllota	grandiflora	Fabaceae	1	
	Pultenaea	linophylla	Fabaceae		1
	Ranunculus		Ranunculaceae		2
	Senecio	amygdalifolia	Asteraceae	2	
	Wahlenbergia		Campanulaceae	2	1
Lasioglossum (Chilalictus) brunnesetum					
	Taraxacum	officinale	Asteraceae	1	1
	Bursaria	spinosa	Pittosporaceae	1	
	Cassinia	laevis	Asteraceae	4	
	Cassinia	uncata	Asteraceae	4	1
	Pultenaea	microphylla	Fabaceae	1	
	Scaevola	ramosissima	Goodeniaceae	1	
Lasioglossum (Chilalictus) bucculum					
	Eremophila	sturtii	Scrophulariaceae		2
	Frankenia	pseudoflabellata	Frankeniaceae	4	3
Lasioglossum (Chilalictus) calophyllae					
	Eremophila	scoparia	Scrophulariaceae	1	
	Eucalyptus	bridgesiana	Myrtaceae	1	
	Eucalyptus	leucoxylon	Myrtaceae	1	
	Eucalyptus	yalatensis	Myrtaceae	2	
	Leptospermum		Myrtaceae		1
	Olearia		Asteraceae	1	
Lasioglossum (Chilalictus) cambagei					
	Dianella		Hemerocallidaceae	1	
	Eremophila	mitchellii	Scrophulariaceae	2	
	Mirbelia	platylobioides	Fabaceae	1	
	Senna		Fabaceae	1	
Lasioglossum (Chilalictus) carpobrotum					
	Disphyma	crassifolium	Aizoaceae	6	2
Lasioglossum (Chilalictus) castor					
	Callistemon		Myrtaceae	1	
	Kunzea		Myrtaceae	1	
Lasioglossum (Chilalictus) chapmani					
	Acacia	buxifolia	Fabaceae	1	
	Bursaria	spinosa	Pittosporaceae	2	
	Eremophila	deserti	Scrophulariaceae	1	
	Eucalyptus	piperita	Myrtaceae	1	
	Eucalyptus		Myrtaceae	1	
	Goodenia	bellidifolia	Goodeniaceae	1	
	Melaleuca		Myrtaceae	2	
	Micromyrtus	blakelyi	Myrtaceae	1	
	Phyllota	phylicoides	Fabaceae	1	
	Scabiosa		Caprifoliaceae		1
	Xerochrysum	bracteatum	Asteraceae	2	
Lasioglossum (Chilalictus) clelandi					
	Taraxacum	officinale	Asteraceae	1	1
	Bulbine	bulbosa	Asphodelaceae	1	
	Daviesia	mimosoides	Fabaceae	3	
	Hardenbergia	violacea	Fabaceae	4	
	Hebe		Plantaginaceae	1	
	Hibbertia	rufa	Dilleniaceae	1	
	Isopogon	anemonifolius	Proteaceae	1	
	Melaleuca	decussata	Myrtaceae		3
	Phyllota	phylicoides	Fabaceae		1
	Platylobium		Fabaceae	1	
	Pultenaea	flexilis	Fabaceae	1	
	Pultenaea	linophylla	Fabaceae	3	
	Pultenaea	microphylla	Fabaceae	2	
	Pultenaea	procumbens	Fabaceae	1	
	Pultenaea	scabra	Fabaceae	1	
	Pultenaea		Fabaceae	1	
	Pultenaea	subspicata	Fabaceae	2	
	Ranunculus		Ranunculaceae		1
	Wahlenbergia		Campanulaceae	2	1
Lasioglossum (Chilalictus) cognatum					
	Taraxacum	officinale	Asteraceae	2	2
	Calotis	cuneifolia	Asteraceae	1	
	Calotis		Asteraceae	2	
	Disphyma	crassifolium	Aizoaceae	2	
	Eremophila	bowmanii	Scrophulariaceae	1	
	Eremophila	deserti	Scrophulariaceae	1	2
	Eremophila	gilesii	Scrophulariaceae	4	
	Eremophila	polyclada	Scrophulariaceae	3	
	Eucalyptus		Myrtaceae	1	
	Goodenia	macbarronii	Goodeniaceae		1
	Leucochrysum	albicans	Asteraceae	6	
	Melaleuca	decussata	Myrtaceae	2	3
	Polycalymma	stuartii	Asteraceae	3	
	Ptilotus	helipteroides	Amaranthaceae	2	
	Pultenaea	procumbens	Fabaceae	1	
	Reichardia	tingitana	Asteraceae	2	
	Sida		Malvaceae	1	
	Swainsona	swainsonioides	Fabaceae	1	
	Wahlenbergia		Campanulaceae	30	12
Lasioglossum (Chilalictus) convexum					
	Angophora	hispida	Myrtaceae	1	
	Boronia	ledifolia	Rutaceae	2	
	Bursaria	spinosa	Pittosporaceae	2	
	Cryptandra	spinescens	Rhamnaceae	1	
	Eremophila	mitchellii	Scrophulariaceae	1	
	Goodenia	bellidifolia	Goodeniaceae	1	
	Hibbertia		Dilleniaceae	1	
	Jacksonia	scoparia	Fabaceae	1	
	Monotoca	scoparia	Ericaceae	1	
	Platysace	linearifolia	Apiaceae	1	
	Prostanthera	scutellarioides	Lamiaceae	1	
	Pultenaea	microphylla	Fabaceae	3	
	Pultenaea	villosa	Fabaceae	1	
	Scaevola		Goodeniaceae	4	
Lasioglossum (Chilalictus) demicapillum					
	Wahlenbergia		Campanulaceae	5	6
Lasioglossum (Chilalictus) ebeneum					
	Bossiaea	heterophylla	Fabaceae	1	
	Calotis	cuneifolia	Asteraceae	1	
	Corymbia	terminalis	Myrtaceae		1
	Dianella	longifolia	Hemerocallidaceae	2	
	Dillwynia	tenuifolia	Fabaceae	1	
	Eremophila	longifolia	Scrophulariaceae	5	
	Eremophila	mitchellii	Scrophulariaceae	13	
	Eremophila		Scrophulariaceae	2	
	Eremophila	sturtii	Scrophulariaceae	6	
	Hakea	tephrosperma	Proteaceae	1	
	Jacksonia	scoparia	Fabaceae	1	
	Keraudrenia	integrifolia	Malvaceae	2	
	Micromyrtus	blakelyi	Myrtaceae	1	
	Monotoca	scoparia	Ericaceae	1	
	Petalostylis	labicheoides	Fabaceae	1	
	Platysace	linearifolia	Apiaceae	1	
Lasioglossum (Chilalictus) eremaean					
	Acacia	oswaldi	Fabaceae	1	
	Cullen	australasicum	Fabaceae	1	
	Disphyma	crassifolium	Aizoaceae	1	
	Eremophila	christophori	Scrophulariaceae	1	
	Eremophila	deserti	Scrophulariaceae	4	1
	Eremophila	sturtii	Scrophulariaceae	10	1
	Frankenia		Frankeniaceae		1
	Leucochrysum	albicans	Asteraceae	11	
	Mesembryanthemum	crystallinum	Aizoaceae	3	
	Polycalymma	stuartii	Asteraceae	14	8
	Reichardia	tingitana	Asteraceae	2	
	Swainsona	purpurea	Fabaceae	1	
	Wahlenbergia		Campanulaceae	5	1
Lasioglossum (Chilalictus) eremophilum					
	Eremophila	scoparia	Scrophulariaceae	2	
	Melaleuca		Myrtaceae		1
Lasioglossum (Chilalictus) erythrurum					
	Taraxacum	officinale	Asteraceae		1
	Angophora	floribunda	Myrtaceae	2	1
	Angophora	hispida	Myrtaceae	1	
	Bursaria	spinosa	Pittosporaceae	1	
	Echium	plantagineum	Boraginaceae	3	
	Eremophila	deserti	Scrophulariaceae		1
	Eucalyptus	robusta	Myrtaceae	2	
	Eucalyptus	sideroxylon	Myrtaceae	1	1
	Hakea	tephrosperma	Proteaceae		1
	Hibbertia		Dilleniaceae	1	
	Kunzea	ambigua	Myrtaceae	1	
	Leptospermum	polygalifolium	Myrtaceae		1
	Leptospermum		Myrtaceae	1	1
	Melaleuca		Myrtaceae	1	
	Melaleuca	uncinata	Myrtaceae		1
	Mirbelia	platylobioides	Fabaceae		3
	Monotoca	scoparia	Ericaceae	3	
	Platysace	linearifolia	Apiaceae	1	1
	Senna		Fabaceae	1	
Lasioglossum (Chilalictus) eurycephalum					
	Brunonia	australis	Goodeniaceae	1	
	Eremophila	bowmanii	Scrophulariaceae	1	
	Eremophila	goodwinii	Scrophulariaceae	2	
	Eremophila	mitchellii	Scrophulariaceae	2	
	Eremophila	sturtii	Scrophulariaceae	3	
	Minuria	leptophylla	Asteraceae	1	
	Senna	artemisiodes	Fabaceae	1	
	Senna		Fabaceae	7	
Lasioglossum (Chilalictus) expansifrons					
	Acacia	colletoides	Fabaceae	3	
	Acacia	johnsonii	Fabaceae	1	
	Eremophila	mitchellii	Scrophulariaceae	7	
	Eucalyptus	socialis	Myrtaceae	1	
	Eucalyptus		Myrtaceae	2	
	Melaleuca	decussata	Myrtaceae		4
	Melaleuca	uncinata	Myrtaceae		1
	Pultenaea	flexilis	Fabaceae	3	
	Senna	circinata	Fabaceae	4	
Lasioglossum (Chilalictus) fasciatum					
	Disphyma	crassifolium	Aizoaceae	4	
	Eremophila	polyclada	Scrophulariaceae	1	5
	Eremophila	scoparia	Scrophulariaceae	1	
	Melaleuca		Myrtaceae	2	
Lasioglossum (Chilalictus) florale					
	Eremophila	scoparia	Scrophulariaceae	1	
	Eremophila		Scrophulariaceae	1	
	Eucalyptus	calycogona	Myrtaceae	1	
	Haloragis	trigonocarpa	Haloragaceae	1	3
	Leptospermum		Myrtaceae	2	
	Melaleuca		Myrtaceae	7	5
	Nitraria	billardierei	Nitrariaceae		1
Lasioglossum (Chilalictus) gilesi					
	Acacia	buxifolia	Fabaceae	1	
	Acacia	dealbata	Fabaceae	1	
	Bauera	rubiodes	Cunoniaceae	1	
	Bursaria	spinosa	Pittosporaceae	4	
	Eucalyptus	piperita	Myrtaceae	3	
	Eucalyptus		Myrtaceae	1	
	Eucalyptus		Myrtaceae	1	
	Jacksonia	scoparia	Fabaceae	1	
	Leptospermum		Myrtaceae	1	
	Prostanthera	scutellarioides	Lamiaceae	1	
	Pultenaea		Fabaceae	1	
	Senecio	amygdalifolia	Asteraceae	1	
	Senna		Fabaceae	1	
	Wahlenbergia		Campanulaceae	8	
Lasioglossum (Chilalictus) globosum					
	Calotis	cuneifolia	Asteraceae	4	1
	Wahlenbergia		Campanulaceae	2	10
Lasioglossum (Chilalictus) greavesi					
	Acacia		Fabaceae	2	
	Eremophila	deserti	Scrophulariaceae	2	
	Eremophila	scoparia	Scrophulariaceae	1	
	Eremophila	sturtii	Scrophulariaceae	1	
	Olearia		Asteraceae	1	
Lasioglossum (Chilalictus) grumiculum					
	Cryptandra	spinescens	Rhamnaceae		2
	Epacris	microphylla	Ericaceae	1	
Lasioglossum (Chilalictus) gunbowerense					
	Brachychiton	populneum	Malvaceae	1	
	Eremophila	deserti	Scrophulariaceae	13	
	Eucalyptus	dumosa	Myrtaceae	2	1
	Eucalyptus		Myrtaceae	5	
	Leptospermum		Myrtaceae	1	
Lasioglossum (Chilalictus) gynochilum					
	Wahlenbergia		Campanulaceae	13	47
Lasioglossum (Chilalictus) helichrysi					
	Acacia	oswaldi	Fabaceae	2	
	Calotis	cuneifolia	Asteraceae	1	
	Calotis	erinacea	Asteraceae	2	
	Calotis		Asteraceae	1	
	Craspedia	haplorrhiza	Asteraceae	6	
	Daviesia	leptophylla	Fabaceae	1	
	Disphyma	crassifolium	Aizoaceae	2	
	Eremophila	deserti	Scrophulariaceae	3	4
	Eucalyptus	albens	Myrtaceae	1	1
	Eucalyptus	dumosa	Myrtaceae	1	
	Eucalyptus	socialis	Myrtaceae	1	
	Coronidium	scorpioides	Fabaceae	1	
	Melaleuca	decussata	Myrtaceae	1	5
	Melaleuca	uncinata	Myrtaceae	1	
	Polycalymma	stuartii	Asteraceae	3	
	Pultenaea	boormanii	Fabaceae	2	
	Pultenaea	foliolosa	Fabaceae	1	
	Pultenaea	procumbens	Fabaceae	2	
	Reichardia	tingitana	Asteraceae	2	
	Taraxacum	officinale	Asteraceae	1	
	Wahlenbergia		Campanulaceae	10	1
	Xerochrysum	bracteatum	Asteraceae	1	
Lasioglossum (Chilalictus) hemichalceum					
	Acacia	buxifolia	Fabaceae	1	
	Acacia	johnsonii	Fabaceae	7	
	Acacia	rubida	Fabaceae	10	
	Acacia		Fabaceae	7	
	Callistemon	citrinus	Myrtaceae	1	
	Callistemon		Myrtaceae	2	
	Calytrix	tetragona	Myrtaceae	5	
	Daviesia	leptophylla	Fabaceae	1	
	Daviesia		Fabaceae	1	
	Eremophila	interstans	Scrophulariaceae	2	
	Eremophila	longifolia	Scrophulariaceae	1	
	Eremophila	scoparia	Scrophulariaceae	3	
	Eremophila		Scrophulariaceae	1	
	Eremophila	sturtii	Scrophulariaceae	3	
	Eucalyptus		Myrtaceae	1	
	Eucalyptus	calycogona	Myrtaceae	1	
	Eucalyptus	leucoxylon	Myrtaceae	3	1
	Eucalyptus		Myrtaceae	7	
	Eucalyptus		Myrtaceae	1	
	Eucalyptus	yalatensis	Myrtaceae	4	
	Leucopogon	lanceolatus	Ericaceae	6	
	Melaleuca	decussata	Myrtaceae	2	
	Melaleuca	nodosa	Myrtaceae	3	
	Melaleuca		Myrtaceae	12	2
	Myoporum		Scrophulariaceae	1	
	Thelionema	caespitosum	Hemerocallidaceae	1	
	Westringia	rigida	Lamiaceae	4	
	Xanthorrhoea	media	Xanthorrhoeaceae	1	
Lasioglossum (Chilalictus) humei					
	Taraxacum	officinale	Asteraceae	3	
	Calotis	cuneifolia	Asteraceae	3	
	Wahlenbergia		Campanulaceae	11	5
	Xerochrysum	bracteatum	Asteraceae	2	
Lasioglossum (Chilalictus) imitans					
	Mirbelia	rubiifolia	Fabaceae	2	
	Sphaerolobium	minus	Fabaceae	1	
	Stylidium		Stylidiaceae	1	
	Wahlenbergia		Campanulaceae	2	
Lasioglossum (Chilalictus) immaculatum					
	Eremophila	maculata	Scrophulariaceae	3	3
	Grevillea	juncifolia	Proteaceae	1	1
Lasioglossum (Chilalictus) impunctatum					
	Eremophila	scoparia	Scrophulariaceae	1	
	Olearia		Asteraceae	3	
	Westringia	rigida	Lamiaceae	1	
Lasioglossum (Chilalictus) instabilis					
	Bursaria	spinosa	Pittosporaceae	1	
	Chloanthes	parviflora	Lamiaceae	1	
	Epacris	microphylla	Ericaceae	1	
	Grevillea	sericea	Proteaceae		2
	Hardenbergia	violacea	Fabaceae	1	
	Hibbertia	acuminata	Dilleniaceae	2	
	Hibbertia		Dilleniaceae	1	
	Lambertia	formosa	Proteaceae	1	
	Monotoca	scoparia	Ericaceae		1
	Pultenaea	microphylla	Fabaceae	1	
	Pultenaea	tuberculata	Fabaceae	1	
	Stylidium	productum	Stylidiaceae	2	
Lasioglossum (Chilalictus) lanarium					
	Taraxacum	officinale	Asteraceae	2	3
	Baeckea	brevifolia	Myrtaceae		1
	Brachycome		Asteraceae		1
	Calotis	cuneifolia	Asteraceae	3	
	Frankenia		Frankeniaceae	1	
	Hibbertia		Dilleniaceae	1	
	Melaleuca		Myrtaceae	2	
	Microseris	lanceolata	Asteraceae		1
	Philotheca	salsolifolia	Rutaceae	1	
	Podolepis		Asteraceae	1	1
	Pultenaea	microphylla	Fabaceae	1	1
	Pultenaea	procumbens	Fabaceae	2	
	Ranunculus		Ranunculaceae		1
	Senecio	lautus	Asteraceae	1	
	Stylidium		Stylidiaceae		1
	Wahlenbergia		Campanulaceae		2
	Westringia		Lamiaceae	1	1
	Xerochrysum	bracteatum	Asteraceae	5	
Lasioglossum (Chilalictus) latichilum					
	Lepidium	leptopetalum	Brassicaceae	4	
	Leucochrysum	albicans	Asteraceae	1	
Lasioglossum (Chilalictus) lineatum					
	Acacia	pendula	Fabaceae	1	
	Amyema		Loranthaceae	1	
	Eremophila	bignoniiflora	Scrophulariaceae	1	
	Eremophila	maculata	Scrophulariaceae	4	
	Eremophila	mitchellii	Scrophulariaceae	2	
Lasioglossum (Chilalictus) littleri					
	Taraxacum	officinale	Asteraceae	1	
	Acacia	melanoxylon	Fabaceae		1
	Acacia	myrtifolia	Fabaceae	1	
	Calotis	cuneifolia	Asteraceae	1	
	Calytrix	tetragona	Myrtaceae	1	2
	Digitalis	purpurea	Plantaginaceae	1	
	Eremophila	mitchellii	Scrophulariaceae	4	
	Eucalyptus		Myrtaceae	2	
	Kunzea	parvifolia	Myrtaceae	1	
	Myosotis	alpestris	Boraginaceae		1
	Prostanthera	lasianthos	Lamiaceae	2	
	Senecio	linearifolius	Asteraceae	1	
	Solanum	pungetium	Solanaceae	1	
	Wahlenbergia		Campanulaceae	1	
Lasioglossum (Chilalictus) macrops					
	Wahlenbergia		Campanulaceae	5	5
Lasioglossum (Chilalictus) mediopolitum					
	Acacia	decora	Fabaceae		2
	Acacia		Fabaceae	3	
	Eremophila	deserti	Scrophulariaceae		1
	Eremophila	scoparia	Scrophulariaceae	1	1
	Eremophila		Scrophulariaceae	1	
	Eucalyptus		Myrtaceae	1	
	Eucalyptus	dumosa	Myrtaceae	11	1
	Eucalyptus	sideroxylon	Myrtaceae		2
	Eucalyptus	socialis	Myrtaceae	2	1
	Eucalyptus		Myrtaceae	16	
	Eucalyptus	torquata	Myrtaceae	1	
	Melaleuca		Myrtaceae	1	3
	Nitraria	billardierei	Nitrariaceae		5
	Senna		Fabaceae	2	
	Wahlenbergia		Campanulaceae		1
	Westringia	rigida	Lamiaceae	5	
Lasioglossum (Chilalictus) mesembryanthemi					
	Carpobrotus	rossii	Aizoaceae	9	
Lasioglossum (Chilalictus) mesostenoideum					
	Acacia		Fabaceae	1	
	Chrysocephalum	apiculatum	Asteraceae	1	1
	Eremophila	mitchellii	Scrophulariaceae	2	
	Eremophila	scoparia	Scrophulariaceae	1	2
	Westringia	rigida	Lamiaceae	3	
Lasioglossum (Chilalictus) mundulum					
	Taraxacum	officinale	Asteraceae	1	
	Acacia	cana	Fabaceae	1	
	Acacia	colletoides	Fabaceae	2	
	Angophora	floribunda	Myrtaceae	6	
	Angophora	hispida	Myrtaceae	1	
	Brachychiton	populneum	Malvaceae	1	
	Celmisia		Asteraceae	2	
	Echium	plantagineum	Boraginaceae	1	
	Eremophila	deserti	Scrophulariaceae	1	
	Eremophila	sturtii	Scrophulariaceae	1	
	Eucalyptus	albens	Myrtaceae	1	
	Eucalyptus		Myrtaceae		3
	Leptospermum		Myrtaceae	1	
	Senecio	linearifolius	Asteraceae	1	
	Wahlenbergia		Campanulaceae	3	3
Lasioglossum (Chilalictus) oblitum					
	Bossiaea	walkeri	Fabaceae	1	
	Eremophila	scoparia	Scrophulariaceae	1	
	Verticordia	acerosa	Myrtaceae	1	
Lasioglossum (Chilalictus) obscurissimum					
	Wahlenbergia		Campanulaceae	12	13
Lasioglossum (Chilalictus) occiduum					
	Grevillea	didymobotrya	Proteaceae	1	
	Grevillea	teretifolia	Proteaceae	1	
Lasioglossum (Chilalictus) opacicolle					
	Boronia		Rutaceae	1	
	Daviesia	mimosoides	Fabaceae	1	
	Oxylobium	cordifolium	Fabaceae	1	
	Platylobium		Fabaceae	7	
	Podolobium	ilicifolium	Fabaceae	1	
	Pultenaea	flexilis	Fabaceae	4	
	Pultenaea	procumbens	Fabaceae	1	
	Pultenaea	scabra	Fabaceae	2	
	Pultenaea		Fabaceae	1	
	Senecio	linearifolius	Asteraceae	1	
Lasioglossum (Chilalictus) orbatum					
	Rubus	fruticosus	Rosaceae		1
	Craspedia		Asteraceae		1
	Daviesia	latifolia	Fabaceae	2	
	Daviesia	mimosoides	Fabaceae	2	
	Goodia	lotifolia	Fabaceae	1	
	Hardenbergia	violacea	Fabaceae	3	
	Jacksonia	scoparia	Fabaceae	2	4
	Mirbelia	confertiflora	Fabaceae	2	
	Oxylobium	arborescens	Fabaceae	2	
	Phyllota	phylicoides	Fabaceae	2	
	Podolobium	ilicifolium	Fabaceae	3	
	Pultenaea	boormanii	Fabaceae	1	
	Pultenaea	microphylla	Fabaceae	1	
	Wahlenbergia		Campanulaceae		1
Lasioglossum (Chilalictus) pachycephalum					
	Acacia	wilhelmiana	Fabaceae	1	
	Callistemon		Myrtaceae	1	
	Eremophila	gilesii	Scrophulariaceae	1	1
	Eremophila	longifolia	Scrophulariaceae	1	
	Eremophila	mitchellii	Scrophulariaceae	2	
	Eremophila		Scrophulariaceae	1	
	Eremophila	sturtii	Scrophulariaceae		4
	Goodenia	bellidifolia	Goodeniaceae		1
	Senna	artemisiodes	Fabaceae	2	
	Senna		Fabaceae	3	
Lasioglossum (Chilalictus) parasphecodum					
	Melaleuca		Myrtaceae	1	
Lasioglossum (Chilalictus) platycephalum					
	Taraxacum	officinale	Asteraceae	1	
	Dillwynia	tenuifolia	Fabaceae	1	
	Eremophila	maculata	Scrophulariaceae	1	
	Erigeron		Asteraceae	1	
	Pultenaea	microphylla	Fabaceae	2	
Lasioglossum (Chilalictus) platychilum					
	Goodenia	bellidifolia	Goodeniaceae	3	2
	Goodenia	cycloptera	Goodeniaceae	1	
	Scaevola	depauperata	Goodeniaceae	2	3
Lasioglossum (Chilalictus) plebeium					
	Taraxacum	officinale	Asteraceae	2	
	Eremophila	mitchellii	Scrophulariaceae	1	
	Microseris	lanceolata	Asteraceae	2	
	Prostanthera	lasianthos	Lamiaceae	1	
	Pultenaea	flexilis	Fabaceae	1	
Lasioglossum (Chilalictus) polygoni					
	Cordyline	stricta	Asparagaceae	4	
Lasioglossum (Chilalictus) pulvitectum					
	Taraxacum	officinale	Asteraceae	2	1
	Dampiera		Goodeniaceae		2
	Eucalyptus		Myrtaceae	2	6
	Eucalyptus	sideroxylon	Myrtaceae		1
	Frankenia		Frankeniaceae	1	
	Taraxacum	officinale	Asteraceae	2	1
	Wahlenbergia		Campanulaceae	4	
Lasioglossum (Chilalictus) quadratum					
	Angophora	floribunda	Myrtaceae		1
	Eremophila	mitchellii	Scrophulariaceae	1	
	Melaleuca	gibbosa	Myrtaceae	1	
Lasioglossum (Chilalictus) repraesentans					
	Boronia	microphylla	Rutaceae	1	
	Calytrix	tetragona	Myrtaceae	1	
	Craspedia		Asteraceae		2
	Grevillea	laurifolia	Proteaceae	1	
	Senecio	linearifolius	Asteraceae	1	
	Senecio		Asteraceae	1	
	Wahlenbergia		Campanulaceae		1
Lasioglossum (Chilalictus) roddi					
	Disphyma	crassifolium	Aizoaceae	3	
	Eremophila	polyclada	Scrophulariaceae		1
Lasioglossum (Chilalictus) sculpturatum					
	Aotus	ericoides	Fabaceae	1	
	Jacksonia	scoparia	Fabaceae	2	
	Leucopogon	lanceolatus	Ericaceae	1	
	Phyllota	phylicoides	Fabaceae	10	
	Pultenaea		Fabaceae	1	
	Symphionema	monatum	Proteaceae	1	
	Wahlenbergia		Campanulaceae	2	2
	Zieria	laevigata	Rutaceae	1	
Lasioglossum (Chilalictus) seminitens					
	Eremophila		Scrophulariaceae	2	
	Nemcia	spathulata	Fabaceae	1	
Lasioglossum (Chilalictus) sexsetum					
	Eremophila	sturtii	Scrophulariaceae	7	
	Eucalyptus		Myrtaceae	2	
	Melaleuca		Myrtaceae	3	
	Nitraria	billardierei	Nitrariaceae	11	31
Lasioglossum (Chilalictus) sororculum					
	Eremophila	duttonii	Scrophulariaceae	1	
	Eremophila	mitchellii	Scrophulariaceae		3
	Eremophila	youngii	Scrophulariaceae	1	1
	Myoporum		Scrophulariaceae	4	1
	Pterocaulon	sphacelatum	Asteraceae		1
Lasioglossum (Chilalictus) sp. unsorted					
	Taraxacum	officinale	Asteraceae	1	
	Acacia		Fabaceae	1	
	Acacia	wilhelmiana	Fabaceae	3	
	Calotis	cuneifolia	Asteraceae	2	
	Calytrix		Myrtaceae	1	
	Carpobrotus		Aizoaceae	1	
	Eremophila	interstans	Scrophulariaceae	1	
	Eremophila	maculata	Scrophulariaceae	1	
	Eremophila	mitchellii	Scrophulariaceae	4	
	Eucalyptus	calycogona	Myrtaceae	1	
	Eucalyptus	socialis	Myrtaceae		1
	Frankenia		Frankeniaceae	1	
	Gompholobium	grandiflorum	Fabaceae	1	
	Hibbertia		Dilleniaceae	1	
	Leucochrysum	albicans	Asteraceae		1
	Melaleuca		Myrtaceae	6	
	Phebalium	glandulosum	Rutaceae	1	
	Phyllota	phylicoides	Fabaceae	1	
	Senna		Fabaceae	1	
	Wahlenbergia		Campanulaceae	1	
Lasioglossum (Chilalictus) speculatum					
	Eremophila	polyclada	Scrophulariaceae	2	
Lasioglossum (Chilalictus) subplebeium					
	Aristotelia	australasica	Elaeocarpaceae	1	
	Hibbertia	scandens	Dilleniaceae	1	
	Syzygium		Myrtaceae	1	
Lasioglossum (Chilalictus) tamburinei					
	Angophora	floribunda	Myrtaceae	3	
	Angophora	hispida	Myrtaceae	1	
	Eucalyptus	camfieldii	Myrtaceae		1
	Eucalyptus	punctata	Myrtaceae	2	
	Eucalyptus		Myrtaceae	1	
	Kunzea	ambigua	Myrtaceae	1	
	Xanthorrhoea	media	Xanthorrhoeaceae		3
Lasioglossum (Chilalictus) teltiri					
	Hakea		Proteaceae	1	
Lasioglossum (Chilalictus) triangulatum					
	Angophora	floribunda	Myrtaceae	2	
	Eremophila	longifolia	Scrophulariaceae	7	
Lasioglossum (Chilalictus) tridens					
	Chrysocephalum	apiculatum	Asteraceae	1	
	Craspedia		Asteraceae	1	
	Podolepis	canescens	Asteraceae	1	
	Wahlenbergia		Campanulaceae	2	
Lasioglossum (Chilalictus) veronicae					
	Acacia		Fabaceae	1	
	Bursaria	spinosa	Pittosporaceae		1
	Eucalyptus	socialis	Myrtaceae	2	
	Eucalyptus		Myrtaceae	1	
	Hakea		Proteaceae		1
	Haloragis	trigonocarpa	Haloragaceae	2	
	Melaleuca		Myrtaceae	1	
Lasioglossum (Chilalictus) victoriellum					
	Mitrasacme	polymorpha	Loganiaceae	1	
	Monotoca	scoparia	Ericaceae		1
	Pultenaea	scabra	Fabaceae	2	
	Scaevola	ramosissima	Goodeniaceae	2	
	Stylidium		Stylidiaceae	1	
Lasioglossum (Chilalictus) vitripenne					
	Acacia	johnsonii	Fabaceae	1	
	Blennodia	canescens	Brassicaceae	1	
	Eremophila	bowmanii	Scrophulariaceae	1	
	Eremophila	goodwinii	Scrophulariaceae	1	
	Eremophila	sturtii	Scrophulariaceae	7	7
	Eucalyptus		Myrtaceae	3	
	Eucalyptus		Myrtaceae	1	
	Eucalyptus	viridis	Myrtaceae	1	2
	Hakea		Proteaceae	1	
	Hakea	tephrosperma	Proteaceae	7	
	Leucopogon	microphyllus	Ericaceae	1	
	Wahlenbergia		Campanulaceae	1	1
Lasioglossum (Chilalictus) willsi					
	Taraxacum	officinale	Asteraceae		1
	Pultenaea	microphylla	Fabaceae	3	
	Wahlenbergia		Campanulaceae	20	3
Lasioglossum (Chilalictus) xerophilum					
	Podolepis		Asteraceae	4	
	Polycalymma	stuartii	Asteraceae	1	
Lasioglossum (Ctenonomia) msp. ctn1					
	Acacia	buxifolia	Fabaceae	1	
	Acacia		Fabaceae	2	
Lasioglossum (Ctenonomia) msp. ctn2					
	Acacia	suavolens	Fabaceae		1
	Boronia	ledifolia	Rutaceae	3	
	Epacris	microphylla	Ericaceae	2	
	Monotoca	scoparia	Ericaceae	7	13
	Petrophile	pulchella	Proteaceae	1	
	Sprengelia	incarnata	Ericaceae	1	
	Xanthorrhoea	media	Xanthorrhoeaceae	1	
Lasioglossum (Ctenonomia) sp. ctn3					
	Cassinia	laevis	Asteraceae	1	
	Dianella	caerulea	Hemerocallidaceae	1	
	Hibbertia		Dilleniaceae	1	
	Monotoca	scoparia	Ericaceae	1	
Lasioglossum (Ctenonomia) sp. ctn4					
	Taraxacum	officinale	Asteraceae	1	
	Bursaria	spinosa	Pittosporaceae	1	
	Eucalyptus		Myrtaceae	1	
Lasioglossum (Ctenonomia) sp. unsorted					
	Goodenia	bellidifolia	Goodeniaceae	1	
	Monotoca	scoparia	Ericaceae	1	
	Petalostylis	labicheoides	Fabaceae	1	
	Platysace	ericoides	Apiaceae	1	6
	Scaevola	ramosissima	Goodeniaceae	3	4
	Senna	artemisiodes	Fabaceae	1	
	Trimenia	moorei	Trimeniaceae	2	
					
					
					
					
					
					
					
					
					
					
					
					
					
Lasioglossum (Parasphecodes) acristum					
	Eremophila	scoparia	Scrophulariaceae	1	
Lasioglossum (Parasphecodes) altichum					
	Taraxacum	officinale	Asteraceae	1	1
	Goodenia	ovata	Goodeniaceae	1	
	Hakea		Proteaceae	3	1
	Ranunculus		Ranunculaceae	2	
Lasioglossum (Parasphecodes) atronitens					
	Actinotus	helianthi	Apiaceae	1	
	Epacris	microphylla	Ericaceae	1	
	Epacris	pulchella	Ericaceae		1
	Kunzea	ambigua	Myrtaceae	2	
	Philotheca		Rutaceae	1	
	Xanthorrhoea	media	Xanthorrhoeaceae	2	
	Xerochrysum	bracteatum	Asteraceae	2	
Lasioglossum (Parasphecodes) bryotrichum					
	Callistemon	citrinus	Myrtaceae		4
	Callistemon		Myrtaceae		3
	Dillwynia	retorta	Fabaceae	1	
	Kunzea	ambigua	Myrtaceae	3	
	Leptospermum	polygalifolium	Myrtaceae	2	1
	Leucopogon	lanceolatus	Ericaceae	1	
	Monotoca	scoparia	Ericaceae	3	3
	Persoonia	oblongata	Proteaceae		1
Lasioglossum (Parasphecodes) carbonarium					
	Acacia	linifolia	Fabaceae	1	
	Boronia	ledifolia	Rutaceae	1	
	Epacris	pulchella	Ericaceae	1	
	Eucalyptus	camfieldii	Myrtaceae		2
	Gompholobium	grandiflorum	Fabaceae	1	
	Goodia	lotifolia	Fabaceae	1	
	Kunzea	ambigua	Myrtaceae	1	
	Leucopogon		Ericaceae	1	
	Senecio		Asteraceae	1	
	Xanthorrhoea	media	Xanthorrhoeaceae	6	4
Lasioglossum (Parasphecodes) clarigaster					
	Leucopogon		Ericaceae	1	
	Persoonia	virgata	Proteaceae	2	
	Pultenaea	scabra	Fabaceae	1	
	Stylidium	productum	Stylidiaceae	2	
Lasioglossum (Parasphecodes) excultum					
	Dillwynia	floribunda	Fabaceae	1	
	Eucryphia	moorei	Cunoniaceae		1
Lasioglossum (Parasphecodes) forresti					
	Pultenaea	tuberculata	Fabaceae		1
Lasioglossum (Parasphecodes) hilactum					
	Pultenaea	microphylla	Fabaceae	2	
Lasioglossum (Parasphecodes) hiltacum					
	Acacia	buxifolia	Fabaceae	3	
	Acacia	parramattensis	Fabaceae	1	
	Angophora	floribunda	Myrtaceae	6	1
	Angophora	hispida	Myrtaceae	1	
	Brachychiton	populneum	Malvaceae		1
	Callistemon		Myrtaceae	1	6
	Eremophila	scoparia	Scrophulariaceae	2	
	Eucalyptus		Myrtaceae	1	
	Eucalyptus	camfieldii	Myrtaceae		1
	Eucalyptus	canaliculata	Myrtaceae	1	
	Eucalyptus		Myrtaceae	1	1
	Eucalyptus		Myrtaceae	2	
	Grevillea	sericea	Proteaceae	1	
	Kunzea	parvifolia	Myrtaceae	1	
	Leptospermum		Myrtaceae		1
	Melaleuca	quinquinerva	Myrtaceae	1	
	Melaleuca		Myrtaceae	1	
	Monotoca	scoparia	Ericaceae	1	
	Ranunculus		Ranunculaceae		1
	Senna		Fabaceae	1	
	Westringia	rigida	Lamiaceae	1	
Lasioglossum (Parasphecodes) imitator					
	Taraxacum	officinale	Asteraceae	1	1
	Eucalyptus		Myrtaceae		1
	Ranunculus		Ranunculaceae	1	1
	Wahlenbergia		Campanulaceae	1	1
	Xerochrysum	bracteatum	Asteraceae	1	
Lasioglossum (Parasphecodes) lacthium					
	Taraxacum	officinale	Asteraceae	1	
	Dillwynia		Fabaceae	1	
	Eucalyptus	dumosa	Myrtaceae	1	
	Eucalyptus		Myrtaceae	1	
	Jacksonia	scoparia	Fabaceae	1	
	Spiranthes	sinensis	Orchidaceae		1
	Xerochrysum	bracteatum	Asteraceae		2
Lasioglossum (Parasphecodes) lichatum					
	Acacia	rubida	Fabaceae	1	
Lasioglossum (Parasphecodes) loweri					
	Eucalyptus		Myrtaceae	1	
Lasioglossum (Parasphecodes) melbournense					
	Leucopogon	lanceolatus	Ericaceae	1	
	Podolobium	ilicifolium	Fabaceae	1	
Lasioglossum (Parasphecodes) olgae					
	Taraxacum	officinale	Asteraceae	8	2
	Dianella	caerulea	Hemerocallidaceae	1	
	Persoonia	chamaepitys	Proteaceae	1	
	Senecio		Asteraceae	2	3
Lasioglossum (Parasphecodes) sulthicum					
	Taraxacum	officinale	Asteraceae	1	
	Angophora	floribunda	Myrtaceae	1	
	Callistemon		Myrtaceae	1	
	Calytrix	tetragona	Myrtaceae	1	
	Eremophila	maculata	Scrophulariaceae	1	
	Eucalyptus	camfieldii	Myrtaceae		1
	Eucalyptus		Myrtaceae	1	1
	Polyscias	sambucifolia	Araliaceae	1	
	Prostanthera	lasianthos	Lamiaceae	1	
	Pultenaea	tuberculata	Fabaceae	1	
	Senecio	linearifolius	Asteraceae	1	1
	Xanthorrhoea	media	Xanthorrhoeaceae	3	
Lasioglossum (Parasphecodes) taluche					
	Acacia	buxifolia	Fabaceae	1	
	Angophora	hispida	Myrtaceae	2	
	Boronia	ledifolia	Rutaceae	2	
	Epacris	pulchella	Ericaceae	1	
	Leptospermum	trinervum	Myrtaceae	1	
	Philotheca	obovalis	Rutaceae	1	
	Xanthorrhoea	media	Xanthorrhoeaceae	2	
Lasioglossum (Parasphecodes) tribuarium					
	Bossiaea	heterophylla	Fabaceae	1	1
	Goodenia	bellidifolia	Goodeniaceae	1	
	Scaevola	ramosissima	Goodeniaceae		3
	Senecio		Asteraceae	1	
Lasioglossum (Parasphecodes) turneri					
	Acacia		Fabaceae	2	
	Boronia	ledifolia	Rutaceae	1	
	Boronia	pinnata	Rutaceae	1	
	Epacris	pulchella	Ericaceae	1	
	Goodenia	paniculata	Goodeniaceae	1	
	Hibbertia		Dilleniaceae	1	
	Micromyrtus	blakelyi	Myrtaceae	1	
	Mirbelia	platylobioides	Fabaceae	1	
	Pultenaea	stipularis	Fabaceae	1	
	Stylidium	lineare	Stylidiaceae	2	
	Stylidium		Stylidiaceae	1	
	Xanthorrhoea	media	Xanthorrhoeaceae	1	
Lasioglossum (Parasphecodes) waterhousei					
	Acacia	suavolens	Fabaceae		1
	Boronia	microphylla	Rutaceae	1	
	Eucalyptus	camfieldii	Myrtaceae		1
	Kunzea	ambigua	Myrtaceae	1	
	Leptospermum		Myrtaceae	2	
	Leptospermum	trinervum	Myrtaceae	1	
	Podolobium	ilicifolium	Fabaceae	1	
	Senecio	amygdalifolia	Asteraceae	3	
	Symphionema	monatum	Proteaceae	1	
	Xanthorrhoea	media	Xanthorrhoeaceae	2	2
Lasioglossum (Parasphecodes) msp. bly					
	Taraxacum	officinale	Asteraceae	1	
	Cirsium	vulgare	Asteraceae	1	
	Persoonia	mollis	Proteaceae	1	
	Senecio		Asteraceae	1	
	Syzygium		Myrtaceae	1	
	Xerochrysum	bracteatum	Asteraceae	1	1
Lasioglossum (Parasphecodes) msp. var					
	Boronia	microphylla	Rutaceae	2	
	Leucopogon		Ericaceae	5	
	Oxylobium	arborescens	Fabaceae	1	
	Persoonia	myrtilloides	Proteaceae		1
Lasioglossum (Parasphecodes) sp. unsorted					
	Taraxacum	officinale	Asteraceae	1	
	Melaleuca		Myrtaceae	1	
	Solanum		Solanaceae	1	
Lasioglossum sp. unsorted					
	Boronia	microphylla	Rutaceae	1	
	Brachychiton	populneum	Malvaceae		1
	Calytrix	tetragona	Myrtaceae	2	
	Eremophila	mitchellii	Scrophulariaceae	4	
	Eremophila	sturtii	Scrophulariaceae		1
	Eucalyptus		Myrtaceae	2	
	Eutaxia	microphylla	Fabaceae	3	
	Kunzea	ambigua	Myrtaceae		1
	Kunzea	parvifolia	Myrtaceae	1	
	Prostanthera	rotundifolia	Lamiaceae	1	
	Wahlenbergia		Campanulaceae	1	
Lipotriches (Austronomia) australica					
	Angophora	floribunda	Myrtaceae		3
	Angophora	hispida	Myrtaceae	2	
	Brachychiton	populneum	Malvaceae		1
	Callistemon		Myrtaceae	2	
	Calytrix	exstipulata	Myrtaceae		1
	Dianella		Hemerocallidaceae	1	
	Eucalyptus	dumosa	Myrtaceae	2	
	Eucalyptus		Myrtaceae	1	1
	Halgania	andromedifolia	Boraginaceae	1	
	Hardenbergia	violacea	Fabaceae		1
	Keraudrenia	integrifolia	Malvaceae	1	
	Keraudrenia		Malvaceae	1	
	Kunzea	ambigua	Myrtaceae	1	
	Lambertia	formosa	Proteaceae	1	
	Ligustrum	lucidum	Oleaceae		1
	Melaleuca	quinquinerva	Myrtaceae		1
	Melaleuca	uncinata	Myrtaceae	1	
	Myoporum		Scrophulariaceae		1
	Ptilotus	helipteroides	Amaranthaceae	1	
	Pultenaea		Fabaceae	1	
	Pultenaea	tuberculata	Fabaceae	1	
	Scaevola	depauperata	Goodeniaceae		2
	Senna		Fabaceae	2	
	Solanum		Solanaceae	3	
	Verticordia	acerosa	Myrtaceae	1	
	Xanthorrhoea	media	Xanthorrhoeaceae	1	1
Lipotriches (Austronomia) dentiventris					
	Brachychiton	populneum	Malvaceae		1
	Eucalyptus	albens	Myrtaceae		1
Lipotriches (Austronomia) excellens					
	Taraxacum	officinale	Asteraceae		1
	Brachychiton	populneum	Malvaceae		1
	Bursaria	spinosa	Pittosporaceae	1	
	Kunzea	ambigua	Myrtaceae	1	
	Pultenaea	tuberculata	Fabaceae	2	
	Wahlenbergia		Campanulaceae	1	
Lipotriches (Austronomia) ferricauda					
	Angophora	hispida	Myrtaceae	2	
	Eremophila	mitchellii	Scrophulariaceae	2	
	Eucalyptus		Myrtaceae	3	
	Hakea	dactyloides	Proteaceae	1	
	Phyllota	phylicoides	Fabaceae	1	
	Pultenaea	tuberculata	Fabaceae	1	
Lipotriches (Austronomia) flavoviridis					
	Alectyron	oleifolius	Sapindaceae	1	
	Angophora	hispida	Myrtaceae	1	
	Bursaria	spinosa	Pittosporaceae	2	
	Calandrinia	balonensis	Portulacaceae	1	
	Calytrix	longiflora	Myrtaceae	1	
	Calytrix	tetragona	Myrtaceae	2	
	Cassinia	laevis	Asteraceae		1
	Corymbia	terminalis	Myrtaceae	1	
	Dianella	longifolia	Hemerocallidaceae	1	
	Dillwynia	floribunda	Fabaceae	1	
	Eremophila	deserti	Scrophulariaceae	1	2
	Eremophila	interstans	Scrophulariaceae	2	
	Eremophila	longifolia	Scrophulariaceae	1	
	Eremophila	mitchellii	Scrophulariaceae	3	
	Eremophila	polyclada	Scrophulariaceae	3	1
	Eremophila	scoparia	Scrophulariaceae	3	
	Eremophila	sturtii	Scrophulariaceae	3	
	Erigeron		Asteraceae	1	
	Eucalyptus		Myrtaceae	1	
	Eucalyptus	dumosa	Myrtaceae	2	
	Eucalyptus	sideroxylon	Myrtaceae	1	
	Fankenia	gracilis	Frankeniaceae		1
	Grevillea	buxifolia	Proteaceae	1	
	Halgania	andromedifolia	Boraginaceae	1	
	Halgania	cyanea	Boraginaceae		1
	Isotropis	wheeleri	Fabaceae	2	
	Lechenaultia	divaricata	Goodeniaceae	1	1
	Lepidium	leptopetalum	Brassicaceae	1	
	Leptospermum		Myrtaceae	4	1
	Ligustrum	lucidum	Oleaceae		2
	Melaleuca	uncinata	Myrtaceae	1	
	Micromyrtus	blakelyi	Myrtaceae	1	
	Monotoca	scoparia	Ericaceae	1	
	Olearia		Asteraceae	2	
	Pultenaea	microphylla	Fabaceae	1	
	Rhagodia	spinescens	Chenopodiaceae	2	
	Scaevola	depauperata	Goodeniaceae		2
	Senna	pleurocarpa	Fabaceae	1	
	Senna		Fabaceae	2	
	Teucrium	racemosum	Lamiaceae	1	
	Trachymene	glaucifolia	Araliaceae	1	
	Wahlenbergia		Campanulaceae	8	
Lipotriches (Austronomia) gracilipes					
	Bulbine	bulbosa	Asphodelaceae	2	
	Corymbia	tesselaris	Myrtaceae	1	
	Eremophila	mitchellii	Scrophulariaceae	1	
	Eremophila	sturtii	Scrophulariaceae	2	
	Eucalyptus	dumosa	Myrtaceae	1	
	Eucalyptus		Myrtaceae	2	
	Melaleuca		Myrtaceae	5	
	Melaleuca	uncinata	Myrtaceae	3	
	Senna	artemisiodes	Fabaceae	1	
	Senna	pleurocarpa	Fabaceae	2	
Lipotriches (Austronomia) kurandina					
	Angophora	floribunda	Myrtaceae	1	
	Scaevola	ramosissima	Goodeniaceae		1
Lipotriches (Austronomia) moerens					
	Dillwynia	floribunda	Fabaceae	1	
	Goodenia	bellidifolia	Goodeniaceae	1	
	Kunzea	ambigua	Myrtaceae	2	
	Leucopogon		Ericaceae	1	
	Podolobium	aestivum	Fabaceae	1	
	Pultenaea	ferruginea	Fabaceae	1	
	Pultenaea	stipularis	Fabaceae	1	
	Pultenaea	tuberculata	Fabaceae	3	
	Xerochrysum	bracteatum	Asteraceae		1
Lipotriches (Austronomia) muscosa					
	Solanum	jasminoides	Solanaceae		1
	Dillwynia	sericea	Fabaceae	1	
	Persoonia	linearis	Proteaceae	1	
	Persoonia	virgata	Proteaceae	1	
Lipotriches (Austronomia) sp. unsorted					
	Acacia	triptera	Fabaceae	1	
	Alectyron	oleifolius	Sapindaceae	1	
	Antigonon	leptopis	Polygonaceae	1	
			Asteraceae		1
	Cleome	viscosa	Cleomaceae	1	2
	Dianella	caerulea	Hemerocallidaceae	1	
	Dillwynia	rupestris	Fabaceae	1	
	Eremophila	deserti	Scrophulariaceae	1	1
	Eremophila	mitchellii	Scrophulariaceae	6	
	Eremophila	sturtii	Scrophulariaceae	1	
	Eryngium	rostratum	Apiaceae		6
	Eucalyptus	dumosa	Myrtaceae	2	
			Fabaceae	1	
	Halgania	cyanea	Boraginaceae	1	
	Ipomoea	pes-caprae	Convolvulaceae	5	
	Oldenlandia	pterospora	Rubiaceae		1
	Petalostylis	labicheoides	Fabaceae	1	
	Ptilotus	helipteroides	Amaranthaceae		2
	Ptilotus	sessilifolius	Amaranthaceae		1
	Pultenaea		Fabaceae	1	
	Scaevola	depauperata	Goodeniaceae	2	3
	Senecio		Asteraceae		1
	Senna	venusta	Fabaceae	1	
	Sesbania	brachycarpa	Fabaceae		2
	Solanum	quadriloculatum	Solanaceae	3	
	Solanum		Solanaceae		1
	Swainsona	swainsonioides	Fabaceae	1	
	Tephrosia	rosea	Fabaceae		1
	Trianthema	pilosa	Aizoaceae		1
	Tribulus	terrestris	Zygophyllaceae	1	
	Wahlenbergia		Campanulaceae	7	1
Lipotriches (Austronomia) submoerens					
	Boronia	pinnata	Rutaceae	1	
	Bossiaea	heterophylla	Fabaceae	2	1
	Calytrix		Myrtaceae	1	
	Dillwynia	glaberrima	Fabaceae	1	
			Fabaceae	2	
	Hardenbergia	violacea	Fabaceae	1	
	Hibbertia		Dilleniaceae	1	
	Leucopogon	virgatus	Ericaceae	2	
	Phyllota	phylicoides	Fabaceae	1	
	Pultenaea	tuberculata	Fabaceae	3	1
	Scaevola	ramosissima	Goodeniaceae	1	
Lipotriches (Austronomia) msp. fv1					
	Exocarpus		Santalaceae	1	
	Melaleuca		Myrtaceae	3	8
Lipotriches (Austronomia) msp. simAC					
	Triumfetta	winneckeana	Malvaceae	1	
Mellitidia tomentifera					
	Mimosa	pudica	Fabaceae	1	
Nomia (Hoplonomia) rubroviridis					
			Fabaceae	1	
	Persoonia	virgata	Proteaceae	1	
	Solanum	mauritianum	Solanaceae		1
Nomia (Paulynomia) aurantifer					
	Persoonia	linearis	Proteaceae	1	
	Solanum	mauritianum	Solanaceae	1	
	Solanum	nigrum	Solanaceae	1	
Nomia (Paulynomia) swainsoniae					
	Pultenaea	tuberculata	Fabaceae	2	2
Seladonia hotoni					
	Acacia		Fabaceae	1	
	Bidens		Asteraceae	1	
	Conyza		Asteraceae	1	
	Galenia	pubescens	Aizoaceae	3	6
	Gazania		Asteraceae	2	
